{
    "weights": {
        "vertical_score": 0.2253946393750701,
        "adoption_score": 0.3893389306437092,
        "relationship_score": 0.3852664299812207,
        "size_score": 0.0
    },
    "lambda_param": 0.25,
    "n_trials": 5000,
    "best_objective_value": -0.31705849062717417,
    "include_size": false
}